l1i_size,l1d_size,l1_assoc,l2_size,l2_assoc,line_size,$_cost,misc_cost,total_cost,cpi,CPIvsCOST_weighted
4.0,4.0,8.0,1024.0,2.0,16.0,1120.5,67.584,1188.084,1.468394328,225.27471546240002
4.0,8.0,2.0,512.0,1.0,16.0,616.25,12.288,628.538,1.5643753679999999,124.5015002944
4.0,16.0,4.0,256.0,1.0,16.0,432.25,10.24,442.49,1.646945584,87.76755646720001
8.0,1.0,4.0,128.0,1.0,32.0,216.25,2.3040000000000003,218.554,1.558655950882688,44.49692476070615
2.0,32.0,2.0,512.0,8.0,16.0,794.0,43.008,837.008,1.5863078948273843,160.06904631586193
8.0,1.0,1.0,16.0,1.0,64.0,92.25,0.0,92.25,1.932971518134057,19.996377214507245
2.0,4.0,2.0,512.0,8.0,16.0,570.0,14.336,584.336,1.60512499078975,115.2840999926318
16.0,16.0,2.0,64.0,2.0,512.0,328.5,1.1520000000000001,329.652,1.414858023170284,66.83188641853623
128.0,128.0,1.0,512.0,8.0,32.0,2566.0,4.096,2570.096,1.255301272,514.2042410176
4.0,4.0,2.0,64.0,8.0,16.0,138.0,9.216000000000001,147.216,1.758865744,29.0070925952
4.0,4.0,1.0,64.0,1.0,16.0,132.25,0.0,132.25,9.630649687636614,34.154519750109294
4.0,8.0,4.0,1024.0,8.0,16.0,1138.0,22.528,1160.528,1.462533392,228.77002671360003
4.0,16.0,4.0,512.0,2.0,16.0,688.5,43.008,731.508,1.552769104,138.94221528320003
1.0,1.0,1.0,128.0,4.0,64.0,149.0,1.024,150.024,1.589225494821549,31.07138039585724
4.0,16.0,2.0,256.0,2.0,16.0,424.5,36.864000000000004,461.36400000000003,1.6403994960000001,86.2123195968
128.0,128.0,8.0,512.0,4.0,32.0,2593.0,40.96,2633.96,1.250740248,519.6005921984
128.0,1.0,1.0,1024.0,1.0,32.0,2060.25,0.0,2060.25,1.3359798153280404,413.1187838522624
128.0,1.0,4.0,1024.0,1.0,32.0,2072.25,33.024,2105.274,1.245101959509796,415.4460815676079
4.0,8.0,2.0,256.0,4.0,16.0,361.0,20.48,381.48,1.6418515280000001,73.5134812224
8.0,1.0,4.0,1024.0,4.0,32.0,1113.0,18.688000000000002,1131.688,1.2965257114069486,223.6372205691256
128.0,128.0,1.0,512.0,4.0,32.0,2565.0,8.192,2573.192,1.253752312,514.0030018496
128.0,128.0,1.0,512.0,1.0,32.0,2564.25,0.0,2564.25,1.256036632,513.8548293056
4.0,4.0,4.0,64.0,8.0,16.0,146.0,5.12,151.12,1.755410696,30.604328556800002
128.0,128.0,2.0,256.0,2.0,16.0,2312.5,278.528,2591.0280000000002,1.462332088,463.6698656704
4.0,8.0,1.0,64.0,1.0,16.0,164.25,0.0,164.25,1.822042728,34.3076341824
1.0,8.0,4.0,128.0,4.0,32.0,217.0,4.352,221.352,1.5968411188063176,44.67747289504506
4.0,16.0,2.0,1024.0,1.0,16.0,1192.25,20.48,1212.73,1.4950674959999999,239.64605399680002
4.0,16.0,1.0,256.0,2.0,16.0,420.5,16.384,436.884,1.6437454,85.41499632000001
4.0,8.0,1.0,512.0,1.0,16.0,612.25,0.0,612.25,1.573019688,123.70841575040001
4.0,2.0,2.0,512.0,2.0,16.0,568.5,38.912,607.412,1.5834222388331556,114.96673779106652
128.0,128.0,1.0,1024.0,1.0,64.0,3076.25,0.0,3076.25,1.1701985684177465,616.1861588547342
4.0,8.0,4.0,512.0,8.0,16.0,626.0,14.336,640.336,1.565099952,126.4520799616
4.0,4.0,8.0,256.0,2.0,16.0,352.5,18.432000000000002,370.932,1.648768248,71.8190145984
4.0,8.0,2.0,64.0,2.0,16.0,168.5,16.384,184.88400000000001,1.776557288,35.1212458304
4.0,8.0,2.0,64.0,1.0,16.0,168.25,12.288,180.538,1.805308008,35.094246406399996
128.0,128.0,8.0,512.0,8.0,32.0,2594.0,36.864000000000004,2630.864,1.251696408,519.8013571264
128.0,128.0,2.0,256.0,2.0,32.0,2312.5,139.264,2451.764,1.32926212,463.563409696
1.0,8.0,1.0,1024.0,4.0,64.0,1101.0,8.192,1109.192,1.238894495522211,221.19111559641777
4.0,16.0,4.0,256.0,4.0,16.0,433.0,18.432000000000002,451.432,1.633995184,87.90719614720001
128.0,128.0,4.0,512.0,4.0,16.0,2577.0,147.45600000000002,2724.456,1.382745248,516.5061961984
32.0,32.0,2.0,512.0,2.0,16.0,1032.5,98.304,1130.804,1.3880954472238092,207.61047635777905
4.0,8.0,4.0,128.0,2.0,16.0,240.5,14.336,254.836,1.712774672,49.470219737600004
128.0,128.0,8.0,512.0,1.0,32.0,2592.25,32.768,2625.018,1.248427608,519.4487420864
2.0,4.0,2.0,8.0,2.0,16.0,64.5,6.656000000000001,71.156,5.075146903849706,16.960117523079766
4.0,64.0,4.0,256.0,2.0,16.0,816.5,51.2,867.7,1.629488352,164.60359068160002
1.0,128.0,4.0,1024.0,1.0,32.0,2072.25,33.024,2105.274,1.384369039231262,415.5574952313851
2.0,4.0,2.0,8.0,8.0,16.0,66.0,6.272,72.272,5.110864023778272,17.288691219022617
4.0,16.0,1.0,64.0,2.0,16.0,228.5,4.096,232.596,1.7783934000000001,47.122714720000005
4.0,8.0,1.0,128.0,8.0,16.0,230.0,2.048,232.048,1.704684648,47.3637477184
4.0,8.0,4.0,128.0,8.0,16.0,242.0,8.192,250.192,1.6944810719999999,49.755584857600006
1.0,1.0,4.0,16.0,4.0,32.0,49.0,0.768,49.768,2.0528773258942454,11.442301860715396
64.0,16.0,2.0,512.0,2.0,128.0,1160.5,14.336,1174.836,1.153716919692566,233.02297353575406
4.0,4.0,2.0,128.0,2.0,16.0,200.5,16.384,216.88400000000001,1.725584944,41.4804679552
1.0,8.0,4.0,16.0,4.0,32.0,105.0,2.5600000000000005,107.56,1.8331103983337793,22.466488318667025
4.0,2.0,2.0,8.0,8.0,16.0,66.0,6.272,72.272,5.139991191720018,17.311992953376016
4.0,4.0,2.0,128.0,1.0,16.0,200.25,8.192,208.442,1.758151824,41.456521459200005
1.0,1.0,4.0,4.0,1.0,32.0,36.25,0.512,36.762,3.980372042039256,10.434297633631406
16.0,16.0,2.0,512.0,8.0,128.0,778.0,5.12,783.12,1.1521986636956028,156.5217589309565
4.0,2.0,2.0,512.0,8.0,16.0,570.0,14.336,584.336,1.5908412788183175,115.27267302305465
4.0,4.0,8.0,8.0,8.0,128.0,106.0,0.272,106.272,2.0653402778693195,22.852272222295458
4.0,64.0,1.0,1024.0,1.0,16.0,1572.25,0.0,1572.25,1.489028832,315.64122306560006
4.0,64.0,1.0,128.0,1.0,16.0,676.25,0.0,676.25,1.7151488320000001,136.6221190656
1.0,8.0,1.0,16.0,1.0,64.0,92.25,0.0,92.25,1.7971506544056988,19.887720523524557
4.0,4.0,8.0,128.0,8.0,16.0,226.0,4.096,230.096,1.7005722479999998,46.5604577984
128.0,128.0,2.0,256.0,8.0,16.0,2314.0,266.24,2580.24,1.459946168,463.96795693440004
1.0,128.0,1.0,1024.0,4.0,64.0,2061.0,8.192,2069.192,1.211219423577561,413.16897553886207
128.0,128.0,1.0,256.0,1.0,64.0,2308.25,0.0,2308.25,1.269957888,462.66596631040005
2.0,32.0,2.0,512.0,8.0,128.0,794.0,5.376,799.376,1.1757223516485553,159.74057788131884
128.0,128.0,2.0,512.0,2.0,32.0,2568.5,147.45600000000002,2715.956,1.25166708,514.701333664
4.0,8.0,4.0,512.0,1.0,16.0,624.25,6.144,630.394,1.5616885919999999,126.0993508736
1.0,1.0,4.0,128.0,1.0,32.0,160.25,0.512,160.762,1.6843843666312313,33.39750749330499
128.0,8.0,1.0,1024.0,1.0,32.0,2116.25,0.0,2116.25,1.227279535545441,424.23182362843636
1.0,8.0,1.0,1024.0,4.0,32.0,1101.0,16.384,1117.384,1.3628171672743656,221.2902537338195
128.0,128.0,8.0,256.0,8.0,32.0,2338.0,34.816,2372.816,1.3254988079999999,468.6603990464
4.0,64.0,1.0,128.0,2.0,16.0,676.5,8.192,684.692,1.7058613120000001,136.6646890496
4.0,8.0,1.0,64.0,4.0,16.0,165.0,2.048,167.048,1.762885288,34.4103082304
2.0,4.0,2.0,8.0,8.0,128.0,66.0,0.784,66.784,2.119640517760719,14.895712414208576
4.0,16.0,4.0,64.0,2.0,16.0,240.5,14.336,254.836,1.759638384,49.507710707200005
2.0,2.0,2.0,512.0,2.0,16.0,552.5,36.864000000000004,589.364,1.6118576947762846,111.78948615582102
4.0,16.0,2.0,256.0,4.0,16.0,425.0,28.672,453.672,1.6369402960000001,86.3095522368
1.0,1.0,1.0,4.0,4.0,64.0,25.0,0.032,25.032,3.097985331804029,7.478388265443224
4.0,4.0,2.0,8.0,8.0,16.0,82.0,8.32,90.32,5.040362807919275,20.432290246335423
4.0,64.0,1.0,512.0,4.0,16.0,1061.0,16.384,1077.384,1.552248832,213.4417990656
4.0,8.0,1.0,256.0,4.0,16.0,357.0,8.192,365.192,1.6498958479999999,72.71991667840001
1.0,1.0,1.0,1024.0,1.0,32.0,1044.25,0.0,1044.25,1.500622406998755,210.05049792559902
16.0,16.0,8.0,512.0,2.0,128.0,800.5,5.12,805.62,1.1516610876966777,161.02132887015736
128.0,128.0,4.0,1024.0,8.0,16.0,3090.0,147.45600000000002,3237.456,1.288238528,619.0305908224
128.0,128.0,4.0,512.0,1.0,16.0,2576.25,131.072,2707.322,1.377733728,516.3521869824
4.0,64.0,1.0,128.0,8.0,16.0,678.0,2.048,680.048,1.679617152,136.9436937216
4.0,64.0,1.0,256.0,1.0,16.0,804.25,0.0,804.25,1.642849952,162.16427996160002
4.0,8.0,1.0,1024.0,2.0,16.0,1124.5,65.536,1190.036,1.4736867280000001,226.0789493824
4.0,4.0,8.0,64.0,1.0,16.0,160.25,2.048,162.298,1.814351448,33.501481158400004
8.0,8.0,4.0,1024.0,1.0,32.0,1168.25,4.096,1172.346,1.2902365434195269,234.68218923473563
32.0,32.0,8.0,512.0,2.0,16.0,1056.5,49.152,1105.652,1.3864393592271214,212.4091514873817
1.0,8.0,4.0,1024.0,4.0,64.0,1113.0,9.344000000000001,1122.344,1.2431010955137978,223.59448087641107
4.0,4.0,2.0,8.0,2.0,16.0,80.5,8.704,89.20400000000001,4.997399608005201,20.09791968640416
8.0,8.0,1.0,16.0,1.0,32.0,148.25,0.0,148.25,1.7469097825061803,31.047527826004945
2.0,32.0,8.0,512.0,2.0,128.0,816.5,5.184,821.684,1.1773548316452904,164.24188386531625
1.0,1.0,1.0,4.0,1.0,32.0,24.25,0.0,24.25,4.292257921415484,8.283806337132388
4.0,64.0,4.0,512.0,1.0,16.0,1072.25,34.816,1107.066,1.547010752,215.6876086016
128.0,128.0,8.0,256.0,4.0,16.0,2337.0,73.72800000000001,2410.728,1.458551184,468.56684094720003
1.0,1.0,4.0,16.0,1.0,64.0,48.25,0.256,48.506,2.002050901995898,11.251640721596718
128.0,128.0,1.0,256.0,2.0,16.0,2308.5,16.384,2324.884,1.470441168,462.8763529344
128.0,128.0,8.0,256.0,1.0,16.0,2336.25,65.536,2401.786,1.453831984,468.4130655872
32.0,4.0,2.0,512.0,2.0,128.0,808.5,8.704,817.204,1.1701048636597902,162.63608389092784
4.0,8.0,4.0,1024.0,2.0,16.0,1136.5,71.68,1208.18,1.462645712,228.4701165696
2.0,2.0,8.0,512.0,8.0,128.0,578.0,1.1520000000000001,579.152,1.2001424315997151,116.56011394527978
4.0,16.0,8.0,64.0,8.0,16.0,258.0,6.144,264.144,1.737585616,52.9900684928
4.0,4.0,2.0,128.0,8.0,16.0,202.0,10.24,212.24,1.706429744,41.765143795200004
4.0,4.0,4.0,256.0,8.0,16.0,338.0,8.192,346.192,1.647269256,68.91781540480001
1.0,8.0,4.0,128.0,1.0,32.0,216.25,2.3040000000000003,218.554,1.6329983987340033,44.556398718987204
8.0,8.0,4.0,128.0,1.0,32.0,272.25,4.096,276.346,1.5142607029714785,55.66140856237718
128.0,128.0,4.0,256.0,4.0,16.0,2321.0,139.264,2460.264,1.460106208,465.36808496640003
16.0,16.0,2.0,64.0,8.0,512.0,330.0,1.056,331.056,1.3886785992226427,67.11094287937811
4.0,16.0,8.0,128.0,4.0,16.0,321.0,9.216000000000001,330.216,1.693695216,65.5549561728
32.0,4.0,8.0,512.0,8.0,16.0,834.0,17.408,851.408,1.4112453911775091,167.92899631294202
4.0,4.0,8.0,8.0,2.0,128.0,104.5,0.32,104.82,2.0796772058406456,22.563741764672518
4.0,64.0,4.0,128.0,4.0,16.0,689.0,38.912000000000006,727.912,1.683248672,139.1465989376
4.0,8.0,8.0,64.0,8.0,16.0,194.0,4.096,198.096,1.744450912,40.195560729600004
4.0,8.0,8.0,1024.0,2.0,16.0,1152.5,68.608,1221.108,1.460480992,231.6683847936
4.0,4.0,2.0,64.0,1.0,16.0,136.25,8.192,144.442,1.826281904,28.7110255232
128.0,128.0,4.0,256.0,8.0,32.0,2322.0,67.584,2389.584,1.32689432,465.46151545600003
2.0,2.0,8.0,8.0,8.0,128.0,74.0,0.14400000000000002,74.144,2.172604229654792,16.538083383723833
128.0,1.0,4.0,1024.0,4.0,32.0,2073.0,49.408,2122.408,1.2207462795585076,415.57659702364685
4.0,8.0,2.0,128.0,8.0,16.0,234.0,14.336,248.336,1.696984168,48.157587334400006
4.0,64.0,4.0,1024.0,1.0,16.0,1584.25,34.816,1619.066,1.4850405119999999,318.0380324096
2.0,2.0,8.0,512.0,2.0,16.0,576.5,33.792,610.292,1.6056223427887553,116.58449787423102
128.0,8.0,4.0,1024.0,1.0,32.0,2128.25,34.816,2163.066,1.2144038315711922,426.621523065257
4.0,4.0,1.0,256.0,4.0,16.0,325.0,8.192,333.192,1.660618848,66.3284950784
4.0,16.0,4.0,64.0,1.0,16.0,240.25,10.24,250.49,1.778536464,49.472829171200004
1.0,8.0,1.0,128.0,1.0,64.0,204.25,0.0,204.25,1.5038996149922008,42.053119691993764
2.0,4.0,8.0,512.0,8.0,16.0,594.0,9.728,603.728,1.6013437507973125,120.08107500063787
32.0,32.0,8.0,512.0,8.0,16.0,1058.0,24.576,1082.576,1.3943603192112795,212.71548825536905
8.0,1.0,1.0,128.0,1.0,64.0,204.25,0.0,204.25,1.5785102388429795,42.112808191074386
128.0,8.0,1.0,1024.0,4.0,32.0,2117.0,16.384,2133.384,1.202872015594256,424.36229761247546
128.0,128.0,2.0,256.0,1.0,16.0,2312.25,262.144,2574.3940000000002,1.459297528,463.61743802240005
4.0,2.0,8.0,8.0,2.0,16.0,88.5,2.048,90.548,5.0506611518986775,21.74052892151894
4.0,16.0,2.0,512.0,2.0,16.0,680.5,53.248000000000005,733.748,1.555769416,137.3446155328
2.0,2.0,2.0,8.0,8.0,16.0,50.0,4.224,54.224000000000004,5.2266672875466655,14.181333830037332
16.0,64.0,8.0,512.0,8.0,128.0,1186.0,3.584,1189.584,1.1414322637171355,238.11314581097372
8.0,8.0,4.0,1024.0,4.0,32.0,1169.0,20.48,1189.48,1.2663258234673482,234.81306065877388
4.0,32.0,8.0,512.0,2.0,128.0,832.5,5.248,837.748,1.1698662076602675,167.43589296612822
1.0,128.0,4.0,1024.0,4.0,64.0,2073.0,24.704,2097.704,1.2276590955446818,415.58212727643576
4.0,4.0,1.0,256.0,1.0,16.0,324.25,0.0,324.25,1.678682368,66.19294589440001
128.0,128.0,1.0,512.0,1.0,64.0,2564.25,0.0,2564.25,1.186752928,513.7994023424001
4.0,4.0,8.0,128.0,1.0,16.0,224.25,2.048,226.298,1.7477218479999999,46.2481774784
4.0,8.0,4.0,256.0,1.0,16.0,368.25,6.144,374.394,1.654556592,74.9736452736
4.0,32.0,2.0,512.0,2.0,128.0,808.5,8.704,817.204,1.171744455656511,162.63739556452524
4.0,4.0,1.0,64.0,2.0,16.0,132.5,4.096,136.596,1.798871488,27.9390971904
128.0,128.0,2.0,256.0,4.0,16.0,2313.0,270.336,2583.3360000000002,1.462683768,463.77014701440004
4.0,4.0,2.0,1024.0,1.0,16.0,1096.25,8.192,1104.442,1.509967664,220.4579741312
4.0,4.0,2.0,512.0,2.0,128.0,584.5,5.12,589.62,1.1926367356147265,117.85410938849179
16.0,64.0,8.0,128.0,2.0,128.0,800.5,3.584,804.084,1.2953757034092486,161.13630056272743
128.0,128.0,1.0,1024.0,1.0,32.0,3076.25,0.0,3076.25,1.2036668719999999,616.2129334976
128.0,128.0,4.0,512.0,1.0,32.0,2576.25,65.536,2641.786,1.2493364,516.24946912
4.0,8.0,8.0,64.0,1.0,16.0,192.25,3.072,195.322,1.795114432,39.8860915456
4.0,8.0,1.0,256.0,1.0,16.0,356.25,0.0,356.25,1.6667523279999998,72.5834018624
4.0,4.0,4.0,64.0,1.0,16.0,144.25,4.096,148.346,1.818390216,30.304712172800002
128.0,128.0,2.0,1024.0,4.0,32.0,3081.0,147.45600000000002,3228.456,1.17716004,617.1417280320001
128.0,128.0,4.0,256.0,1.0,32.0,2320.25,65.536,2385.786,1.32222024,465.107776192
4.0,4.0,4.0,1024.0,8.0,16.0,1106.0,20.48,1126.48,1.470552456,222.37644196480002
4.0,64.0,2.0,512.0,8.0,16.0,1066.0,77.82400000000001,1143.824,1.5547930559999998,214.44383444480002
8.0,128.0,4.0,1024.0,4.0,32.0,2129.0,51.2,2180.2,1.2518223834963553,426.8014579067971
1.0,128.0,1.0,1024.0,1.0,64.0,2060.25,0.0,2060.25,1.2327067835345864,413.03616542682767
4.0,4.0,1.0,128.0,2.0,16.0,196.5,8.192,204.692,1.734399008,40.687519206400005
16.0,16.0,2.0,512.0,2.0,128.0,776.5,8.192,784.692,1.1537307276925386,156.22298458215406
16.0,64.0,8.0,512.0,2.0,128.0,1184.5,6.656000000000001,1191.156,1.1432890397134219,237.81463123177073
4.0,64.0,1.0,1024.0,2.0,16.0,1572.5,65.536,1638.036,1.454963872,315.6639710976
4.0,16.0,4.0,64.0,8.0,16.0,242.0,11.264,253.264,1.739998384,49.79199870720001
128.0,128.0,1.0,256.0,8.0,16.0,2310.0,4.096,2314.096,1.459542608,463.1676340864
4.0,64.0,2.0,1024.0,1.0,16.0,1576.25,69.632,1645.882,1.487595456,316.4400763648
4.0,4.0,4.0,64.0,4.0,16.0,145.0,6.144,151.144,1.762481256,30.4099850048
4.0,8.0,8.0,512.0,8.0,16.0,642.0,11.264,653.264,1.562906752,129.6503254016
2.0,32.0,8.0,512.0,2.0,16.0,816.5,41.472,857.972,1.57793499884413,164.5623479990753
4.0,4.0,4.0,1024.0,2.0,16.0,1104.5,69.632,1174.132,1.470667496,222.0765339968
8.0,1.0,1.0,1024.0,4.0,32.0,1101.0,16.384,1117.384,1.370893423258213,221.2967147386066
4.0,4.0,1.0,1024.0,1.0,16.0,1092.25,0.0,1092.25,1.519600768,219.6656806144
64.0,64.0,8.0,512.0,2.0,128.0,1568.5,8.192,1576.692,1.1432798317134403,314.6146238653708
16.0,16.0,2.0,128.0,2.0,128.0,392.5,5.12,397.62,1.3270541113458918,79.56164328907671
1.0,8.0,1.0,128.0,4.0,64.0,205.0,1.024,206.024,1.4543428150913145,42.16347425207305
2.0,2.0,8.0,8.0,8.0,16.0,74.0,1.1520000000000001,75.152,5.19223497561553,18.953787980492425
4.0,64.0,2.0,128.0,2.0,16.0,680.5,77.82400000000001,758.3240000000001,1.6953247359999999,137.4562597888
16.0,64.0,2.0,128.0,2.0,128.0,776.5,11.264,787.764,1.3069432873861135,156.3455546299089
4.0,8.0,2.0,64.0,4.0,16.0,169.0,14.336,183.336,1.756265288,35.2050122304
4.0,16.0,8.0,1024.0,8.0,16.0,1218.0,21.504,1239.504,1.4556112159999999,244.76448897280002
2.0,32.0,2.0,512.0,2.0,128.0,792.5,8.448,800.948,1.1779997276440006,159.4423997821152
4.0,16.0,8.0,256.0,2.0,16.0,448.5,21.504,470.004,1.635639056,91.0085112448
8.0,1.0,1.0,1024.0,1.0,32.0,1100.25,0.0,1100.25,1.396394543207211,221.1671156345658
4.0,8.0,1.0,64.0,2.0,16.0,164.5,4.096,168.596,1.787819688,34.3302557504
8.0,128.0,1.0,1024.0,4.0,32.0,2117.0,16.384,2133.384,1.2381646715236707,424.39053173721896
4.0,8.0,8.0,512.0,2.0,16.0,640.5,35.84,676.34,1.5558923519999999,129.3447138816
4.0,4.0,1.0,256.0,8.0,16.0,326.0,4.096,330.096,1.6606806079999998,66.52854448640001
128.0,128.0,8.0,1024.0,4.0,16.0,3105.0,98.304,3203.304,1.288675184,622.0309401472
16.0,16.0,2.0,128.0,8.0,128.0,394.0,4.352,398.352,1.3064182473871635,79.84513459790975
128.0,128.0,2.0,1024.0,2.0,16.0,3080.5,327.68,3408.18,1.289484888,617.1315879104001
32.0,2.0,8.0,512.0,8.0,128.0,818.0,2.112,820.112,1.1708716556582566,164.53669732452664
32.0,4.0,2.0,512.0,8.0,16.0,810.0,45.056000000000004,855.056,1.414869503170261,163.13189560253622
64.0,16.0,2.0,128.0,8.0,128.0,778.0,10.496,788.496,1.3064115913871768,156.64512927310977
4.0,4.0,1.0,128.0,8.0,16.0,198.0,2.048,200.048,1.715625248,40.9725001984
4.0,8.0,2.0,1024.0,8.0,16.0,1130.0,28.672,1158.672,1.465203368,227.1721626944
128.0,128.0,4.0,1024.0,1.0,16.0,3088.25,131.072,3219.322,1.319174848,618.7053398784001
4.0,64.0,1.0,512.0,2.0,16.0,1060.5,32.768,1093.268,1.550437152,213.34034972160003
4.0,8.0,8.0,256.0,1.0,16.0,384.25,3.072,387.322,1.652542592,78.1720340736
4.0,4.0,1.0,128.0,1.0,16.0,196.25,0.0,196.25,1.7698681280000002,40.6658945024
4.0,8.0,4.0,64.0,1.0,16.0,176.25,6.144,182.394,1.7992754720000002,36.6894203776
4.0,16.0,8.0,256.0,8.0,16.0,450.0,9.216000000000001,459.216,1.632117136,91.3056937088
4.0,8.0,8.0,256.0,2.0,16.0,384.5,19.456,403.956,1.640727552,78.2125820416
128.0,128.0,4.0,1024.0,4.0,32.0,3089.0,81.92,3170.92,1.17661784,618.7412942720001
4.0,8.0,4.0,128.0,4.0,16.0,241.0,10.24,251.24,1.701685392,49.5613483136
128.0,128.0,1.0,256.0,4.0,32.0,2309.0,4.096,2313.096,1.328388312,462.8627106496
4.0,16.0,2.0,128.0,1.0,16.0,296.25,20.48,316.73,1.729958696,60.6339669568
1.0,1.0,1.0,1024.0,1.0,64.0,1044.25,0.0,1044.25,1.397825495204349,209.96826039616352
4.0,4.0,2.0,64.0,2.0,16.0,136.5,12.288,148.788,1.789351184,28.7314809472
4.0,16.0,1.0,512.0,2.0,16.0,676.5,32.768,709.268,1.55934876,136.547479008
4.0,4.0,4.0,512.0,8.0,16.0,594.0,12.288,606.288,1.573167816,120.05853425280002
1.0,8.0,1.0,128.0,4.0,32.0,205.0,2.048,207.048,1.5858533268282935,42.268682661462634
128.0,128.0,1.0,256.0,8.0,64.0,2310.0,1.024,2311.024,1.253128448,463.0025027584
4.0,64.0,1.0,256.0,2.0,16.0,804.5,16.384,820.884,1.6355713920000001,162.20845711360002
128.0,128.0,4.0,1024.0,8.0,32.0,3090.0,73.72800000000001,3163.728,1.17576152,618.940609216
1.0,1.0,4.0,1024.0,1.0,32.0,1056.25,0.512,1056.762,1.4332091671335816,212.39656733370686
64.0,64.0,2.0,128.0,8.0,128.0,1162.0,16.64,1178.64,1.289343511421313,233.43147480913706
4.0,2.0,8.0,8.0,8.0,128.0,90.0,0.20800000000000002,90.208,2.1179197817641606,19.69433582541133
1.0,1.0,1.0,4.0,1.0,64.0,24.25,0.0,24.25,3.3822091712355817,7.555767336988466
2.0,4.0,8.0,8.0,2.0,16.0,88.5,2.048,90.548,5.03861494392277,21.730891955138215
4.0,64.0,1.0,1024.0,8.0,16.0,1574.0,16.384,1590.384,1.454371872,315.96349749760003
1.0,1.0,1.0,128.0,1.0,32.0,148.25,0.0,148.25,1.7604798464790403,31.058383877183235
4.0,64.0,2.0,1024.0,2.0,16.0,1576.5,135.168,1711.6680000000001,1.4540621759999999,316.4632497408
4.0,8.0,2.0,128.0,2.0,16.0,232.5,20.48,252.98,1.715537128,47.8724297024
128.0,128.0,4.0,256.0,8.0,16.0,2322.0,135.168,2457.168,1.4603818880000001,465.5683055104
64.0,16.0,8.0,512.0,8.0,128.0,1186.0,3.584,1189.584,1.1501555436996889,238.12012443495976
4.0,8.0,8.0,256.0,4.0,16.0,385.0,11.264,396.264,1.637167232,78.3097337856
4.0,16.0,8.0,128.0,8.0,16.0,322.0,7.168,329.168,1.686890736,65.7495125888
128.0,128.0,4.0,256.0,1.0,16.0,2320.25,131.072,2451.322,1.4555884479999999,465.2144707584
128.0,128.0,8.0,1024.0,2.0,16.0,3104.5,131.072,3235.572,1.288560144,621.9308481152001
4.0,16.0,1.0,128.0,8.0,16.0,294.0,2.048,296.048,1.6944143600000001,60.155531488
128.0,128.0,2.0,256.0,4.0,32.0,2313.0,135.168,2448.168,1.3296371599999999,463.663709728
4.0,4.0,4.0,64.0,2.0,16.0,144.5,8.192,152.692,1.7846086159999999,30.327686892800003
128.0,128.0,4.0,512.0,8.0,16.0,2578.0,139.264,2717.264,1.3870529280000001,516.7096423424
4.0,16.0,1.0,1024.0,8.0,16.0,1190.0,16.384,1206.384,1.46410892,239.171287136
4.0,16.0,1.0,128.0,4.0,16.0,293.0,4.096,297.096,1.7019142,59.96153136
4.0,16.0,4.0,64.0,4.0,16.0,241.0,12.288,253.288,1.746435984,49.597148787200005
4.0,2.0,8.0,512.0,2.0,16.0,592.5,34.304,626.804,1.5748038788503922,119.75984310308031
4.0,8.0,4.0,256.0,2.0,16.0,368.5,22.528,391.028,1.642836432,75.0142691456
1.0,8.0,4.0,1024.0,1.0,32.0,1112.25,2.3040000000000003,1114.554,1.4011180791977638,223.57089446335823
1.0,8.0,1.0,1024.0,1.0,32.0,1100.25,0.0,1100.25,1.3907549272184903,221.1626039417748
4.0,16.0,8.0,256.0,1.0,16.0,448.25,5.12,453.37,1.645103696,90.96608295680001
4.0,8.0,1.0,128.0,2.0,16.0,228.5,8.192,236.692,1.7235665679999999,47.0788532544
4.0,4.0,1.0,1024.0,8.0,16.0,1094.0,16.384,1110.384,1.484379968,219.9875039744
8.0,8.0,4.0,128.0,4.0,32.0,273.0,6.144,279.144,1.485540383028919,55.78843230642314
4.0,8.0,2.0,128.0,4.0,16.0,233.0,16.384,249.38400000000001,1.704230888,47.9633847104
1.0,1.0,4.0,1024.0,4.0,64.0,1057.0,8.448,1065.448,1.277221463445557,212.42177717075646
4.0,8.0,1.0,1024.0,4.0,16.0,1125.0,32.768,1157.768,1.473648008,226.1789184064
2.0,2.0,2.0,512.0,8.0,16.0,554.0,12.288,566.288,1.6190453747619094,112.09523629980954
8.0,1.0,1.0,16.0,4.0,64.0,93.0,0.128,93.128,1.7745846384508308,20.019667710760665
8.0,1.0,1.0,1024.0,4.0,64.0,1101.0,8.192,1109.192,1.313562079372876,221.25084966349831
4.0,16.0,8.0,256.0,4.0,16.0,449.0,13.312000000000001,462.312,1.632276016,91.1058208128
4.0,8.0,1.0,256.0,8.0,16.0,358.0,4.096,362.096,1.649936808,72.91994944640001
1.0,128.0,4.0,1024.0,4.0,32.0,2073.0,49.408,2122.408,1.359489039281022,415.68759123142485
1.0,8.0,1.0,16.0,1.0,32.0,92.25,0.0,92.25,1.922613966154772,19.988091172923816
4.0,16.0,1.0,64.0,8.0,16.0,230.0,1.024,231.024,1.74482892,47.395863136
4.0,16.0,1.0,128.0,1.0,16.0,292.25,0.0,292.25,1.74012988,59.842103904000005
8.0,1.0,1.0,128.0,4.0,32.0,205.0,2.048,207.048,1.5914396628171206,42.273151730253694
4.0,4.0,4.0,512.0,2.0,16.0,592.5,36.864000000000004,629.364,1.566072296,119.7528578368
4.0,4.0,4.0,256.0,1.0,16.0,336.25,4.096,340.346,1.664415336,68.5815322688
4.0,16.0,1.0,1024.0,2.0,16.0,1188.5,65.536,1254.036,1.46413468,238.871307744
128.0,128.0,4.0,512.0,4.0,32.0,2577.0,73.72800000000001,2650.728,1.25120056,516.400960448
128.0,128.0,2.0,512.0,4.0,16.0,2569.0,278.528,2847.5280000000002,1.383280568,514.9066244544001
1.0,8.0,4.0,1024.0,1.0,64.0,1112.25,1.1520000000000001,1113.402,1.2649414154701173,223.46195313237612
16.0,64.0,2.0,512.0,8.0,128.0,1162.0,11.264,1173.264,1.1427611197144778,233.3142088957716
4.0,4.0,8.0,512.0,2.0,16.0,608.5,34.816,643.316,1.563823768,122.9510590144
16.0,16.0,2.0,64.0,2.0,128.0,328.5,4.6080000000000005,333.108,1.397280583205439,66.81782446656436
4.0,32.0,2.0,512.0,8.0,128.0,810.0,5.632000000000001,815.632,1.1696248956607502,162.9356999165286
4.0,16.0,1.0,128.0,2.0,16.0,292.5,8.192,300.692,1.7139566,59.87116528
4.0,16.0,8.0,1024.0,1.0,16.0,1216.25,5.12,1221.37,1.490401456,244.4423211648
128.0,8.0,4.0,1024.0,4.0,32.0,2129.0,51.2,2180.2,1.1905465516189069,426.7524372412951
4.0,16.0,8.0,1024.0,2.0,16.0,1216.5,70.656,1287.156,1.455716336,244.4645730688
2.0,2.0,2.0,512.0,8.0,128.0,554.0,1.536,555.536,1.2271706875456587,111.78173655003654
32.0,2.0,2.0,512.0,8.0,128.0,794.0,5.376,799.376,1.1990040396019919,159.7592032316816
4.0,4.0,8.0,256.0,8.0,16.0,354.0,6.144,360.144,1.645032088,72.11602567039999
4.0,4.0,8.0,128.0,4.0,16.0,225.0,6.144,231.144,1.707780408,46.3662243264
128.0,128.0,8.0,1024.0,8.0,16.0,3106.0,81.92,3187.92,1.287886544,622.2303092352
16.0,16.0,2.0,512.0,2.0,512.0,776.5,2.048,778.548,1.1314643997370712,156.20517151978967
4.0,8.0,4.0,256.0,8.0,16.0,370.0,10.24,380.24,1.639196272,75.3113570176
4.0,8.0,4.0,128.0,1.0,16.0,240.25,6.144,246.394,1.737323472,49.4398587776
128.0,128.0,8.0,1024.0,4.0,32.0,3105.0,49.152,3154.152,1.176208088,621.9409664704
128.0,128.0,2.0,1024.0,8.0,32.0,3082.0,139.264,3221.264,1.17624164,617.3409933120001
4.0,16.0,8.0,512.0,4.0,16.0,705.0,21.504,726.504,1.5534051359999999,142.2427241088
128.0,128.0,2.0,256.0,8.0,32.0,2314.0,133.12,2447.12,1.32617252,463.86093801600003
4.0,8.0,2.0,1024.0,1.0,16.0,1128.25,12.288,1140.538,1.5003524879999999,226.8502819904
1.0,8.0,4.0,128.0,4.0,64.0,217.0,2.176,219.176,1.4582722950834555,44.56661783606677
32.0,32.0,2.0,512.0,2.0,128.0,1032.5,12.288,1044.788,1.1492365197015268,207.4193892157612
8.0,128.0,1.0,1024.0,1.0,32.0,2116.25,0.0,2116.25,1.2637856314724287,424.26102850517793
4.0,4.0,8.0,512.0,4.0,16.0,609.0,18.432000000000002,627.432,1.566158808,123.05292704640001
128.0,128.0,1.0,512.0,8.0,16.0,2566.0,8.192,2574.192,1.3910576479999999,514.3128461184
4.0,4.0,2.0,256.0,2.0,16.0,328.5,24.576,353.076,1.654681744,67.02374539520001
4.0,8.0,2.0,512.0,2.0,16.0,616.5,45.056,661.556,1.560620968,124.54849677440001
128.0,128.0,1.0,512.0,2.0,64.0,2564.5,8.192,2572.692,1.183050368,513.8464402943999
4.0,8.0,2.0,256.0,8.0,16.0,362.0,16.384,378.384,1.641780808,73.7134246464
4.0,8.0,2.0,256.0,1.0,16.0,360.25,12.288,372.538,1.657466568,73.3759732544
4.0,16.0,2.0,1024.0,4.0,16.0,1193.0,53.248000000000005,1246.248,1.460357576,239.76828606080002
4.0,16.0,2.0,1024.0,8.0,16.0,1194.0,36.864000000000004,1230.864,1.460363176,239.9682905408
2.0,32.0,2.0,512.0,2.0,16.0,792.5,67.584,860.0840000000001,1.579769014840462,159.76381521187238
4.0,64.0,4.0,256.0,1.0,16.0,816.25,34.816,851.066,1.632910592,164.5563284736
16.0,64.0,8.0,128.0,8.0,128.0,802.0,2.816,804.816,1.2883845194232308,161.43070761553858
128.0,128.0,4.0,256.0,4.0,32.0,2321.0,69.632,2390.632,1.32678984,465.26143187200006
4.0,64.0,4.0,128.0,2.0,16.0,688.5,43.008,731.508,1.686948192,139.0495585536
4.0,4.0,1.0,64.0,8.0,16.0,134.0,1.024,135.024,1.766991328,28.2135930624
32.0,2.0,2.0,512.0,2.0,16.0,792.5,67.584,860.0840000000001,1.4201964471596071,159.6361571577277
4.0,16.0,1.0,64.0,4.0,16.0,229.0,2.048,231.048,1.7524305199999999,47.201944416
128.0,128.0,2.0,512.0,2.0,16.0,2568.5,294.91200000000003,2863.4120000000003,1.3822602480000001,514.8058081984001
4.0,4.0,1.0,512.0,8.0,16.0,582.0,8.192,590.192,1.5868710080000001,117.6694968064
4.0,16.0,4.0,1024.0,1.0,16.0,1200.25,10.24,1210.49,1.4920841440000001,241.2436673152
128.0,128.0,1.0,512.0,2.0,32.0,2564.5,16.384,2580.884,1.254951192,513.9039609536
4.0,16.0,1.0,512.0,1.0,16.0,676.25,0.0,676.25,1.56289932,136.500319456
4.0,4.0,4.0,256.0,2.0,16.0,336.5,20.48,356.98,1.650966216,68.6207729728
8.0,8.0,1.0,16.0,4.0,32.0,149.0,0.256,149.256,1.6705784226588432,31.136462738127076
2.0,4.0,2.0,512.0,2.0,128.0,568.5,4.864,573.364,1.1988973916022052,114.65911791328176
128.0,128.0,4.0,256.0,2.0,16.0,2320.5,147.45600000000002,2467.956,1.4589358080000001,465.2671486464
32.0,2.0,2.0,512.0,2.0,128.0,792.5,8.448,800.948,1.200559583598881,159.4604476668791
2.0,4.0,8.0,512.0,8.0,128.0,594.0,1.216,595.216,1.1907227596185546,119.75257820769485
4.0,32.0,2.0,512.0,8.0,16.0,810.0,45.056000000000004,855.056,1.5581012388837974,163.24648099110703
16.0,16.0,8.0,128.0,2.0,128.0,416.5,2.048,418.548,1.3226867353546266,84.3581493882837
128.0,128.0,1.0,512.0,4.0,16.0,2565.0,16.384,2581.384,1.385761488,514.1086091904
4.0,4.0,8.0,512.0,1.0,16.0,608.25,2.048,610.298,1.568321848,122.90465747840001
8.0,1.0,1.0,16.0,1.0,32.0,92.25,0.0,92.25,1.9973841420052318,20.047907313604185
4.0,8.0,1.0,512.0,4.0,16.0,613.0,16.384,629.384,1.571401928,123.85712154240001
4.0,2.0,8.0,512.0,8.0,128.0,594.0,1.216,595.216,1.1927745996144508,119.75421967969157
128.0,128.0,1.0,1024.0,8.0,32.0,3078.0,8.192,3086.192,1.177863032,616.5422904256001
4.0,8.0,8.0,128.0,2.0,16.0,256.5,11.264,267.764,1.710151072,52.6681208576
128.0,128.0,4.0,1024.0,4.0,16.0,3089.0,163.84,3252.84,1.289040768,618.8312326144
1.0,8.0,1.0,128.0,1.0,32.0,204.25,0.0,204.25,1.6325968467348062,42.156077477387846
4.0,4.0,4.0,128.0,2.0,16.0,208.5,12.288,220.788,1.721647336,43.0773178688
1.0,8.0,4.0,128.0,1.0,64.0,216.25,1.1520000000000001,217.402,1.4956577350086846,44.44652618800695
4.0,8.0,2.0,128.0,1.0,16.0,232.25,12.288,244.538,1.741903048,47.8435224384
4.0,2.0,8.0,8.0,2.0,128.0,88.5,0.256,88.756,2.149149157701702,19.41931932616136
2.0,32.0,8.0,512.0,8.0,128.0,818.0,2.112,820.112,1.1751953196496094,164.54015625571972
1.0,1.0,1.0,4.0,4.0,32.0,25.0,0.064,25.064,4.092188481815623,8.2737507854525
8.0,1.0,4.0,16.0,4.0,32.0,105.0,2.5600000000000005,107.56,1.757948430484103,22.406358744387283
16.0,16.0,8.0,64.0,2.0,512.0,352.5,0.384,352.884,1.4047450791905098,71.6237960633524
4.0,8.0,1.0,256.0,2.0,16.0,356.5,16.384,372.884,1.6532640079999998,72.6226112064
32.0,2.0,2.0,512.0,8.0,16.0,794.0,43.008,837.008,1.428791007142418,159.94303280571395
4.0,64.0,1.0,512.0,8.0,16.0,1062.0,8.192,1070.192,1.5563715519999999,213.6450972416
4.0,32.0,2.0,512.0,2.0,16.0,808.5,69.632,878.1320000000001,1.551318998897362,162.9410551991179
4.0,8.0,4.0,64.0,8.0,16.0,178.0,7.168,185.168,1.746702992,36.9973623936
128.0,128.0,8.0,1024.0,2.0,32.0,3104.5,65.536,3170.036,1.177131608,621.8417052864
2.0,4.0,8.0,8.0,2.0,128.0,88.5,0.256,88.756,2.121499453757001,19.3971995630056
4.0,8.0,4.0,256.0,4.0,16.0,369.0,14.336,383.336,1.639273072,75.1114184576
16.0,16.0,2.0,512.0,8.0,512.0,778.0,1.28,779.28,1.127525471744949,156.50202037739598
4.0,16.0,4.0,512.0,4.0,16.0,689.0,26.624000000000002,715.624,1.555128144,139.04410251520002
2.0,4.0,8.0,512.0,2.0,16.0,592.5,34.304,626.804,1.5941394308117212,119.77531154464938
128.0,128.0,4.0,512.0,8.0,32.0,2578.0,69.632,2647.632,1.251998,516.6015984000001
128.0,128.0,2.0,512.0,8.0,32.0,2570.0,135.168,2705.168,1.25224452,515.001795616
128.0,128.0,1.0,256.0,8.0,32.0,2310.0,2.048,2312.048,1.325534872,463.0604278976
16.0,16.0,8.0,128.0,8.0,128.0,418.0,1.28,419.28,1.304083423391833,84.64326673871348
64.0,64.0,8.0,512.0,8.0,128.0,1570.0,5.12,1575.12,1.1414257117171487,314.9131405693737
4.0,16.0,1.0,256.0,1.0,16.0,420.25,0.0,420.25,1.6557849199999999,85.37462793600001
8.0,1.0,1.0,128.0,1.0,32.0,204.25,0.0,204.25,1.6391431827217136,42.16131454617737
4.0,8.0,4.0,64.0,4.0,16.0,177.0,8.192,185.192,1.7536999519999998,36.802959961599996
4.0,16.0,1.0,256.0,8.0,16.0,422.0,4.096,426.096,1.6402551600000002,85.71220412800001
1.0,1.0,4.0,4.0,4.0,32.0,37.0,0.5760000000000001,37.576,3.963774442072451,10.571019553657962
32.0,2.0,8.0,512.0,2.0,128.0,816.5,5.184,821.684,1.1724056556551887,164.23792452452417
128.0,128.0,2.0,512.0,1.0,16.0,2568.25,262.144,2830.3940000000002,1.379308408,514.7534467263999
16.0,16.0,8.0,128.0,2.0,512.0,416.5,0.512,417.012,1.3236547753526904,84.35892382028216
8.0,8.0,1.0,128.0,1.0,32.0,260.25,0.0,260.25,1.5218336229563327,53.26746689836507
4.0,16.0,2.0,512.0,1.0,16.0,680.25,20.48,700.73,1.558701096,137.2969608768
128.0,128.0,8.0,1024.0,1.0,16.0,3104.25,65.536,3169.786,1.318615184,621.9048921472
4.0,4.0,1.0,1024.0,2.0,16.0,1092.5,65.536,1158.036,1.4843942079999999,219.6875153664
8.0,1.0,1.0,128.0,4.0,64.0,205.0,1.024,206.024,1.5267427189465146,42.221394175157215
128.0,128.0,8.0,512.0,2.0,32.0,2592.5,49.152,2641.652,1.249858968,519.4998871744
4.0,64.0,2.0,256.0,2.0,16.0,808.5,86.016,894.516,1.633081216,163.00646497280002
128.0,128.0,8.0,512.0,8.0,16.0,2594.0,73.72800000000001,2667.728,1.386778864,519.9094230912001
1.0,1.0,1.0,128.0,1.0,64.0,148.25,0.0,148.25,1.663957974672084,30.98116637973767
128.0,128.0,1.0,256.0,1.0,16.0,2308.25,0.0,2308.25,1.470884048,462.82670723840005
4.0,16.0,4.0,128.0,1.0,16.0,304.25,10.24,314.49,1.723848144,62.2290785152
4.0,16.0,8.0,512.0,1.0,16.0,704.25,5.12,709.37,1.553822416,142.0930579328
4.0,16.0,4.0,1024.0,8.0,16.0,1202.0,26.624000000000002,1228.624,1.457344624,241.5658756992
128.0,128.0,2.0,512.0,4.0,32.0,2569.0,139.264,2708.264,1.25177476,514.8014198080001
128.0,128.0,4.0,1024.0,2.0,16.0,3088.5,196.608,3285.108,1.288921088,618.7311368704001
64.0,16.0,8.0,128.0,8.0,128.0,802.0,2.816,804.816,1.3040812153918375,161.44326497231347
128.0,128.0,4.0,256.0,2.0,32.0,2320.5,73.72800000000001,2394.228,1.32551,465.160408
4.0,4.0,8.0,1024.0,8.0,16.0,1122.0,18.432000000000002,1140.432,1.468284568,225.57462765440002
4.0,4.0,2.0,512.0,1.0,16.0,584.25,8.192,592.442,1.574342704,118.1094741632
1.0,1.0,4.0,1024.0,4.0,32.0,1057.0,16.896,1073.896,1.4041848471916303,212.5233478777533
2.0,2.0,2.0,512.0,2.0,128.0,552.5,4.6080000000000005,557.108,1.2293517835412964,111.48348142683304
8.0,8.0,1.0,64.0,1.0,16.0,196.25,0.0,196.25,1.6712226682072095,40.58697813456577
2.0,32.0,8.0,512.0,8.0,16.0,818.0,16.896,834.896,1.5844449188311103,164.8675559350649
4.0,16.0,8.0,128.0,1.0,16.0,320.25,5.12,325.37,1.721138896,65.4269111168
4.0,8.0,4.0,1024.0,4.0,16.0,1137.0,38.912,1175.912,1.462515472,228.5700123776
4.0,64.0,4.0,512.0,4.0,16.0,1073.0,51.2,1124.2,1.5487749119999998,215.83901992960003
4.0,16.0,4.0,1024.0,2.0,16.0,1200.5,75.776,1276.276,1.457455184,241.2659641472
4.0,64.0,2.0,128.0,1.0,16.0,680.25,69.632,749.8820000000001,1.702423296,137.41193863680002
1.0,1.0,4.0,4.0,1.0,64.0,36.25,0.256,36.506,3.0132672199734656,9.660613775978772
4.0,8.0,4.0,512.0,2.0,16.0,624.5,38.912,663.412,1.558031792,126.1464254336
4.0,64.0,2.0,128.0,4.0,16.0,681.0,73.72800000000001,754.7280000000001,1.6904557759999999,137.5523646208
4.0,4.0,1.0,1024.0,4.0,16.0,1093.0,32.768,1125.768,1.4843591680000001,219.78748733440003
4.0,4.0,8.0,64.0,2.0,16.0,160.5,6.144,166.644,1.781755448,33.5254043584
4.0,8.0,1.0,1024.0,1.0,16.0,1124.25,0.0,1124.25,1.5086304080000001,226.05690432640003
2.0,2.0,2.0,8.0,2.0,128.0,48.5,0.5760000000000001,49.076,2.242296957515406,11.493837566012326
8.0,1.0,1.0,1024.0,1.0,64.0,1100.25,0.0,1100.25,1.3341431993317137,221.11731455946537
128.0,128.0,1.0,256.0,2.0,64.0,2308.5,4.096,2312.596,1.266079008,462.7128632064001
64.0,64.0,8.0,128.0,8.0,128.0,1186.0,4.352,1190.352,1.288382023423236,238.2307056187386
1.0,1.0,1.0,16.0,4.0,64.0,37.0,0.128,37.128,2.0136842139726316,9.010947371178105
128.0,128.0,2.0,1024.0,4.0,16.0,3081.0,294.91200000000003,3375.9120000000003,1.289627768,617.2317022144
4.0,4.0,1.0,64.0,4.0,16.0,133.0,2.048,135.048,1.774073088,28.0192584704
4.0,2.0,8.0,8.0,8.0,16.0,90.0,1.6640000000000001,91.664,5.096134271807731,22.076907417446186
16.0,16.0,8.0,64.0,8.0,128.0,354.0,1.1520000000000001,355.152,1.3717399272565203,71.89739194180521
16.0,64.0,2.0,512.0,2.0,128.0,1160.5,14.336,1174.836,1.1450621357098758,233.01604970856792
128.0,128.0,8.0,256.0,1.0,32.0,2336.25,32.768,2369.018,1.320248888,468.3061991104
2.0,2.0,2.0,8.0,8.0,128.0,50.0,0.528,50.528,2.2030646615938707,11.762451729275096
4.0,64.0,1.0,1024.0,4.0,16.0,1573.0,32.768,1605.768,1.454856032,315.76388482560003
4.0,16.0,2.0,64.0,4.0,16.0,233.0,22.528,255.528,1.750398696,48.0003189568
4.0,16.0,1.0,1024.0,1.0,16.0,1188.25,0.0,1188.25,1.4987534,238.84900272000002
128.0,128.0,1.0,256.0,4.0,16.0,2309.0,8.192,2317.192,1.461536208,462.9692289664
4.0,16.0,1.0,512.0,4.0,16.0,677.0,16.384,693.384,1.56188236,136.649505888
4.0,2.0,2.0,8.0,2.0,16.0,64.5,6.656000000000001,71.156,5.1081502317837,16.98652018542696
4.0,8.0,2.0,1024.0,2.0,16.0,1128.5,77.824,1206.324,1.465284488,226.87222759040003
64.0,16.0,2.0,512.0,8.0,128.0,1162.0,11.264,1173.264,1.15219002369562,233.3217520189565
32.0,4.0,8.0,512.0,2.0,16.0,832.5,41.984,874.484,1.4026407511947185,167.62211260095577
1.0,1.0,4.0,128.0,4.0,32.0,161.0,2.56,163.56,1.627277966745444,33.50182237339636
128.0,128.0,1.0,512.0,4.0,64.0,2565.0,4.096,2569.096,1.180609888,513.9444879104
4.0,64.0,2.0,512.0,2.0,16.0,1064.5,102.4,1166.9,1.549126336,214.1393010688
4.0,16.0,4.0,512.0,8.0,16.0,690.0,18.432000000000002,708.432,1.559701424,139.2477611392
4.0,8.0,4.0,64.0,2.0,16.0,176.5,10.24,186.74,1.7728674720000002,36.718293977600005
16.0,16.0,2.0,64.0,8.0,128.0,330.0,4.224,334.224,1.3748940232502118,67.09991521860017
8.0,1.0,1.0,16.0,4.0,32.0,93.0,0.256,93.256,1.8349958223300082,20.067996657864008
4.0,4.0,2.0,256.0,8.0,16.0,330.0,12.288,342.288,1.651054384,67.3208435072
4.0,4.0,8.0,512.0,2.0,128.0,608.5,4.352,612.852,1.1853773436292454,122.6483018749034
4.0,8.0,8.0,128.0,8.0,16.0,258.0,5.12,263.12,1.6923974720000001,52.9539179776
64.0,16.0,2.0,128.0,2.0,128.0,776.5,11.264,787.764,1.327047015345906,156.36163761227672
4.0,4.0,8.0,64.0,4.0,16.0,161.0,4.096,165.096,1.760350808,33.608280646400004
4.0,16.0,1.0,256.0,4.0,16.0,421.0,8.192,429.192,1.6402970799999999,85.512237664
128.0,128.0,1.0,512.0,8.0,64.0,2566.0,2.048,2568.048,1.180377568,514.1443020544001
4.0,64.0,4.0,256.0,8.0,16.0,818.0,38.912000000000006,856.912,1.6262101119999999,164.9009680896
4.0,64.0,1.0,256.0,4.0,16.0,805.0,8.192,813.192,1.630501632,162.3044013056
128.0,128.0,1.0,1024.0,4.0,16.0,3077.0,32.768,3109.768,1.291565808,616.4332526464001
2.0,4.0,8.0,512.0,2.0,128.0,592.5,4.288,596.788,1.192871911614256,119.45429752929141
4.0,4.0,2.0,64.0,4.0,16.0,137.0,10.24,147.24,1.766014864,28.812811891200003
64.0,16.0,8.0,128.0,2.0,128.0,800.5,3.584,804.084,1.3226833993546332,161.15814671948374
4.0,8.0,1.0,128.0,1.0,16.0,228.25,0.0,228.25,1.755047528,47.05403802240001
4.0,8.0,4.0,1024.0,1.0,16.0,1136.25,6.144,1142.394,1.497749392,228.4481995136
4.0,16.0,2.0,64.0,1.0,16.0,232.25,20.48,252.73,1.786735336,47.8793882688
1.0,1.0,4.0,4.0,4.0,64.0,37.0,0.28800000000000003,37.288,2.9657307400685387,9.772584592054832
4.0,4.0,8.0,256.0,4.0,16.0,353.0,10.24,363.24,1.645108088,71.9160864704
32.0,32.0,2.0,512.0,8.0,128.0,1034.0,9.216000000000001,1043.216,1.1475594877048811,207.7180475901639
128.0,128.0,2.0,1024.0,1.0,16.0,3080.25,262.144,3342.3940000000002,1.320314968,617.1062519744
8.0,128.0,4.0,1024.0,1.0,32.0,2128.25,34.816,2163.066,1.2749316634501366,426.66994533076013
4.0,2.0,2.0,8.0,8.0,128.0,66.0,0.784,66.784,2.1543860136912283,14.923508810952985
128.0,128.0,2.0,256.0,1.0,32.0,2312.25,131.072,2443.322,1.3262834,463.51102672
128.0,128.0,4.0,1024.0,2.0,32.0,3088.5,98.304,3186.804,1.17754504,618.6420360320001
1.0,8.0,4.0,16.0,1.0,64.0,104.25,1.1520000000000001,105.402,1.7114815745770369,22.219185259661632
4.0,16.0,4.0,128.0,8.0,16.0,306.0,12.288,318.288,1.6886839839999999,62.5509471872
4.0,4.0,2.0,512.0,2.0,16.0,584.5,40.96,625.46,1.5698492640000001,118.1558794112
4.0,4.0,2.0,1024.0,2.0,16.0,1096.5,73.72800000000001,1170.228,1.474503664,220.47960293120002
4.0,8.0,8.0,512.0,4.0,16.0,641.0,19.456,660.456,1.558238112,129.44659048960003
128.0,128.0,1.0,256.0,2.0,32.0,2308.5,8.192,2316.692,1.337862072,462.7702896576001
4.0,4.0,1.0,512.0,2.0,16.0,580.5,32.768,613.268,1.579565728,117.36365258240001
4.0,4.0,2.0,512.0,8.0,16.0,586.0,16.384,602.384,1.577006544,118.4616052352
4.0,4.0,1.0,128.0,4.0,16.0,197.0,4.096,201.096,1.7227156479999999,40.778172518400005
64.0,64.0,2.0,512.0,2.0,128.0,1544.5,20.48,1564.98,1.1450492317099015,309.81603938536796
4.0,64.0,2.0,128.0,8.0,16.0,682.0,71.68,753.6800000000001,1.681150336,137.7449202688
2.0,4.0,8.0,8.0,8.0,128.0,90.0,0.20800000000000002,90.208,2.112645493774709,19.690116395019768
4.0,4.0,2.0,1024.0,8.0,16.0,1098.0,24.576,1122.576,1.474421584,220.77953726720003
4.0,8.0,2.0,1024.0,4.0,16.0,1129.0,45.056,1174.056,1.465185768,226.9721486144
1.0,1.0,4.0,128.0,1.0,64.0,160.25,0.256,160.506,1.5509734628980532,33.29077877031845
32.0,32.0,2.0,512.0,8.0,16.0,1034.0,73.72800000000001,1107.728,1.3960520872078959,207.91684166976634
4.0,8.0,2.0,512.0,4.0,16.0,617.0,28.672,645.672,1.5630553680000001,124.6504442944
16.0,16.0,8.0,64.0,8.0,512.0,354.0,0.28800000000000003,354.288,1.3840499032319002,71.90723992258552
32.0,2.0,8.0,512.0,2.0,16.0,816.5,41.472,857.972,1.4141233431717533,164.4312986745374
8.0,8.0,4.0,16.0,4.0,32.0,161.0,4.352,165.352,1.6615327026769346,33.52922616214155
32.0,2.0,8.0,512.0,8.0,16.0,818.0,16.896,834.896,1.422722543154555,164.73817803452366
4.0,16.0,4.0,512.0,1.0,16.0,688.25,10.24,698.49,1.5555619040000002,138.8944495232
128.0,128.0,2.0,1024.0,2.0,32.0,3080.5,163.84,3244.34,1.1781907600000001,617.042552608
4.0,4.0,8.0,64.0,8.0,16.0,162.0,3.072,165.072,1.753323288,33.802658630399996
16.0,16.0,1.0,64.0,1.0,16.0,324.25,0.0,324.25,1.624677272,66.1497418176
4.0,32.0,8.0,512.0,2.0,16.0,832.5,41.984,874.484,1.5471011749057977,167.73768093992464
128.0,128.0,1.0,1024.0,8.0,16.0,3078.0,16.384,3094.384,1.290234128,616.6321873024
8.0,1.0,4.0,1024.0,1.0,32.0,1112.25,2.3040000000000003,1114.554,1.3209444313581111,223.50675554508652
2.0,2.0,8.0,8.0,2.0,16.0,72.5,1.536,74.036,5.157515935684968,18.626012748547975
4.0,4.0,8.0,8.0,8.0,16.0,106.0,2.176,108.176,5.019521279960958,25.21561702396877
4.0,16.0,8.0,512.0,2.0,16.0,704.5,37.888,742.388,1.5510494559999999,142.14083956480002
4.0,16.0,8.0,512.0,8.0,16.0,706.0,13.312000000000001,719.312,1.557984016,142.4463872128
8.0,8.0,1.0,1024.0,1.0,32.0,1156.25,0.0,1156.25,1.2876509034246981,232.28012072273975
1.0,128.0,1.0,1024.0,4.0,32.0,2061.0,16.384,2077.384,1.3385162153229675,413.2708129722584
128.0,1.0,1.0,1024.0,4.0,32.0,2061.0,16.384,2077.384,1.3112980553774038,413.24903844430196
128.0,128.0,8.0,256.0,2.0,16.0,2336.5,81.92,2418.42,1.457226864,468.4657814912
4.0,8.0,8.0,128.0,4.0,16.0,257.0,7.168,264.168,1.699521472,52.759617177600006
4.0,16.0,1.0,512.0,8.0,16.0,678.0,8.192,686.192,1.566635,136.853308
4.0,64.0,4.0,512.0,8.0,16.0,1074.0,43.008,1117.008,1.552376512,216.0419012096
4.0,16.0,8.0,128.0,2.0,16.0,320.5,13.312000000000001,333.812,1.703125936,65.46250074880001
8.0,8.0,4.0,16.0,1.0,32.0,160.25,4.096,164.346,1.6876677426246647,33.400134194099735
1.0,128.0,1.0,1024.0,1.0,32.0,2060.25,0.0,2060.25,1.3655526952688946,413.1424421562151
4.0,4.0,8.0,128.0,2.0,16.0,224.5,10.24,234.74,1.7192040880000001,46.27536327040001
4.0,64.0,2.0,256.0,8.0,16.0,810.0,73.72800000000001,883.7280000000001,1.6285388159999998,163.3028310528
1.0,1.0,1.0,16.0,1.0,64.0,36.25,0.0,36.25,2.171866453656267,8.987493162925013
4.0,4.0,4.0,512.0,1.0,16.0,592.25,4.096,596.346,1.570504136,119.7064033088
4.0,64.0,1.0,512.0,1.0,16.0,1060.25,0.0,1060.25,1.552329312,213.29186344960002
4.0,64.0,2.0,512.0,4.0,16.0,1065.0,86.016,1151.016,1.551152896,214.2409223168
128.0,128.0,8.0,512.0,1.0,16.0,2592.25,65.536,2657.786,1.376969744,519.5515757952
4.0,64.0,4.0,1024.0,4.0,16.0,1585.0,67.584,1652.584,1.4515656319999999,318.1612525056
128.0,128.0,4.0,1024.0,1.0,32.0,3088.25,65.536,3153.786,1.19910648,618.6092851840001
4.0,16.0,8.0,1024.0,4.0,16.0,1217.0,37.888,1254.888,1.455604336,244.5644834688
4.0,16.0,2.0,256.0,8.0,16.0,426.0,24.576,450.576,1.636793896,86.5094351168
128.0,128.0,4.0,512.0,2.0,16.0,2576.5,163.84,2740.34,1.381230848,516.4049846784001
1.0,8.0,4.0,16.0,4.0,64.0,105.0,1.2800000000000002,106.28,1.6972082946055833,22.357766635684467
64.0,64.0,2.0,128.0,2.0,128.0,1160.5,17.408,1177.908,1.3069368873861262,233.14554950990893
4.0,4.0,2.0,512.0,4.0,16.0,585.0,24.576,609.576,1.572256944,118.2578055552
4.0,4.0,1.0,512.0,4.0,16.0,581.0,16.384,597.384,1.582091808,117.4656734464
128.0,128.0,4.0,512.0,2.0,32.0,2576.5,81.92,2658.42,1.25052088,516.3004167040001
4.0,16.0,1.0,1024.0,4.0,16.0,1189.0,32.768,1221.768,1.46409964,238.971279712
16.0,16.0,8.0,64.0,2.0,128.0,352.5,1.536,354.036,1.3899937912200124,71.61199503297601
128.0,128.0,1.0,1024.0,1.0,16.0,3076.25,0.0,3076.25,1.323927888,616.3091423104
16.0,16.0,2.0,128.0,2.0,512.0,392.5,1.28,393.78,1.3299689113400621,79.56397512907205
4.0,4.0,8.0,256.0,1.0,16.0,352.25,2.048,354.298,1.662314488,71.7798515904
1.0,1.0,1.0,1024.0,4.0,64.0,1045.0,8.192,1053.192,1.3736627752526744,210.09893022020213
64.0,64.0,2.0,512.0,8.0,128.0,1546.0,17.408,1563.408,1.1427518157144965,310.11420145257165
4.0,16.0,2.0,256.0,1.0,16.0,424.25,20.48,444.73,1.650409576,86.17032766080001
4.0,4.0,8.0,1024.0,1.0,16.0,1120.25,2.048,1122.298,1.503986968,225.2531895744
4.0,4.0,4.0,1024.0,4.0,16.0,1105.0,36.864000000000004,1141.864,1.470535496,222.1764283968
4.0,8.0,8.0,1024.0,4.0,16.0,1153.0,35.84,1188.84,1.460354272,231.76828341760003
4.0,4.0,8.0,512.0,8.0,16.0,610.0,10.24,620.24,1.570892088,123.2567136704
4.0,8.0,2.0,512.0,8.0,16.0,618.0,20.48,638.48,1.567796328,124.8542370624
1.0,8.0,1.0,16.0,4.0,32.0,93.0,0.256,93.256,1.8704701262590597,20.096376101007248
4.0,4.0,2.0,128.0,4.0,16.0,201.0,12.288,213.288,1.713642064,41.5709136512
128.0,128.0,2.0,1024.0,1.0,32.0,3080.25,131.072,3211.322,1.20015668,617.010125344
4.0,4.0,2.0,256.0,1.0,16.0,328.25,8.192,336.442,1.668435184,66.98474814720001
4.0,8.0,1.0,128.0,4.0,16.0,229.0,4.096,233.096,1.711828328,47.16946266240001
4.0,4.0,1.0,512.0,1.0,16.0,580.25,0.0,580.25,1.5842450879999999,117.31739607040001
4.0,2.0,8.0,512.0,2.0,128.0,592.5,4.288,596.788,1.1948032636103934,119.45584261088831
4.0,16.0,2.0,512.0,4.0,16.0,681.0,36.864000000000004,717.864,1.558163336,137.44653066880002
8.0,8.0,1.0,128.0,4.0,32.0,261.0,2.048,263.048,1.4828752230342497,53.386300178427405
16.0,64.0,2.0,128.0,8.0,128.0,778.0,10.496,788.496,1.2893496154213007,156.63147969233705
4.0,16.0,4.0,1024.0,4.0,16.0,1201.0,43.008,1244.008,1.457343824,241.36587505920002
1.0,1.0,1.0,16.0,4.0,32.0,37.0,0.256,37.256,2.1677696056644606,9.134215684531569
4.0,16.0,4.0,128.0,2.0,16.0,304.5,18.432000000000002,322.932,1.705243984,62.2641951872
4.0,64.0,2.0,512.0,1.0,16.0,1064.25,69.632,1133.882,1.5498492160000001,214.08987937280003
16.0,16.0,8.0,512.0,8.0,128.0,802.0,2.048,804.048,1.1501618476996762,161.32012947815974
4.0,4.0,2.0,8.0,2.0,128.0,80.5,1.088,81.588,2.115711189768578,17.792568951814864
4.0,64.0,1.0,256.0,8.0,16.0,806.0,4.096,810.096,1.629177952,162.5033423616
1.0,8.0,1.0,1024.0,1.0,64.0,1100.25,0.0,1100.25,1.2616903354766194,221.0593522683813
4.0,8.0,8.0,64.0,2.0,16.0,192.5,7.168,199.668,1.769422112,39.9155376896
4.0,8.0,8.0,64.0,4.0,16.0,193.0,5.12,198.12,1.751188672,40.0009509376
4.0,8.0,8.0,1024.0,1.0,16.0,1152.25,3.072,1155.322,1.495688992,231.6465511936
4.0,8.0,2.0,256.0,2.0,16.0,360.5,28.672,389.172,1.645377768,73.4163022144
4.0,16.0,2.0,64.0,2.0,16.0,232.5,24.576,257.076,1.766285096,47.9130280768
2.0,2.0,2.0,8.0,2.0,16.0,48.5,4.6080000000000005,53.108000000000004,5.201775927596448,13.86142074207716
16.0,16.0,8.0,128.0,8.0,512.0,418.0,0.32,418.32,1.4980803673500163,84.79846429388002
4.0,2.0,2.0,512.0,8.0,128.0,570.0,1.792,571.792,1.2210731435578537,114.97685851484628
4.0,32.0,8.0,512.0,8.0,128.0,834.0,2.176,836.176,1.167827999664344,167.73426239973148
4.0,4.0,8.0,8.0,2.0,16.0,104.5,2.56,107.06,4.954191040091618,24.863352832073296
4.0,4.0,4.0,512.0,4.0,16.0,593.0,20.48,613.48,1.568431496,119.85474519680001
8.0,1.0,4.0,16.0,1.0,32.0,104.25,2.3040000000000003,106.554,1.9410434701179131,22.40283477609433
4.0,64.0,2.0,1024.0,4.0,16.0,1577.0,102.4,1679.4,1.453930176,316.56314414080003
128.0,128.0,1.0,256.0,1.0,32.0,2308.25,0.0,2308.25,1.339014552,462.7212116416
128.0,128.0,1.0,512.0,1.0,16.0,2564.25,0.0,2564.25,1.384783248,513.9578265984001
4.0,16.0,8.0,64.0,1.0,16.0,256.25,5.12,261.37,1.774812016,52.6698496128
4.0,64.0,2.0,1024.0,8.0,16.0,1578.0,86.016,1664.016,1.453778656,316.7630229248
2.0,2.0,8.0,8.0,2.0,128.0,72.5,0.192,72.692,2.1992408216015185,16.259392657281214
128.0,128.0,8.0,1024.0,1.0,32.0,3104.25,32.768,3137.018,1.198464888,621.8087719104
128.0,128.0,8.0,256.0,8.0,16.0,2338.0,69.632,2407.632,1.459147664,468.7673181312
4.0,4.0,4.0,1024.0,1.0,16.0,1104.25,4.096,1108.346,1.506163176,222.05493054080003
1.0,8.0,4.0,1024.0,4.0,32.0,1113.0,18.688000000000002,1131.688,1.3739851192520298,223.69918809540164
4.0,4.0,2.0,1024.0,4.0,16.0,1097.0,40.96,1137.96,1.474404144,220.5795233152
128.0,128.0,1.0,1024.0,2.0,32.0,3076.5,32.768,3109.268,1.180337272,616.2442698176001
4.0,4.0,4.0,128.0,1.0,16.0,208.25,4.096,212.346,1.751567176,43.05125374080001
8.0,8.0,1.0,1024.0,4.0,32.0,1157.0,16.384,1173.384,1.262467543475065,232.40997403478005
1.0,1.0,1.0,1024.0,4.0,32.0,1045.0,16.384,1061.384,1.4712432070575137,210.176994565646
1.0,8.0,4.0,16.0,1.0,32.0,104.25,2.3040000000000003,106.554,1.8475345583049307,22.328027646643946
32.0,4.0,2.0,512.0,2.0,16.0,808.5,69.632,878.1320000000001,1.4062698231874604,162.82501585855
1.0,1.0,4.0,16.0,1.0,32.0,48.25,0.512,48.762,2.1920573256158855,11.40364586049271
4.0,64.0,4.0,512.0,2.0,16.0,1072.5,67.584,1140.084,1.546635712,215.7373085696
4.0,64.0,4.0,1024.0,2.0,16.0,1584.5,100.352,1684.852,1.451709632,318.06136770560005
4.0,8.0,1.0,64.0,8.0,16.0,166.0,1.024,167.024,1.755475688,34.6043805504
4.0,16.0,1.0,64.0,1.0,16.0,228.25,0.0,228.25,1.8024710000000002,47.091976800000005
8.0,1.0,4.0,128.0,4.0,32.0,217.0,4.352,221.352,1.5160292309679415,44.61282338477436
128.0,128.0,1.0,1024.0,4.0,32.0,3077.0,16.384,3093.384,1.179159992,616.3433279936
1.0,1.0,4.0,128.0,4.0,64.0,161.0,1.28,162.28,1.4927136230145728,33.39417089841166
4.0,8.0,1.0,512.0,8.0,16.0,614.0,8.192,622.192,1.576176008,124.06094080640001
4.0,2.0,8.0,512.0,8.0,16.0,594.0,9.728,603.728,1.5822073988355854,120.06576591906848
32.0,4.0,8.0,512.0,2.0,128.0,832.5,5.248,837.748,1.1629821596740357,167.43038572773924
2.0,2.0,8.0,512.0,2.0,128.0,576.5,4.224,580.724,1.2022976235954048,116.26183809887634
4.0,64.0,4.0,256.0,4.0,16.0,817.0,43.008,860.008,1.6272496319999998,164.7017997056
4.0,2.0,2.0,512.0,2.0,128.0,568.5,4.864,573.364,1.2230931595538137,114.67847452764305
4.0,16.0,2.0,512.0,8.0,16.0,682.0,28.672,710.672,1.562767816,137.6502142528
32.0,4.0,2.0,512.0,8.0,128.0,810.0,5.632000000000001,815.632,1.1685539516628922,162.93484316133032
4.0,4.0,2.0,8.0,8.0,128.0,82.0,1.04,83.04,2.0804557178390883,18.064364574271274
4.0,64.0,1.0,128.0,4.0,16.0,677.0,4.096,681.096,1.687676352,136.7501410816
4.0,8.0,8.0,512.0,1.0,16.0,640.25,3.072,643.322,1.5596227520000001,129.2976982016
2.0,4.0,2.0,8.0,2.0,128.0,64.5,0.8320000000000001,65.332,2.152400381695199,14.62192030535616
1.0,1.0,1.0,16.0,1.0,32.0,36.25,0.0,36.25,2.344243525311513,9.12539482024921
4.0,4.0,2.0,512.0,8.0,128.0,586.0,2.048,588.048,1.190622559618755,118.152498047695
1.0,1.0,1.0,128.0,4.0,32.0,149.0,2.048,151.048,1.6943774466112451,31.155501957288998
128.0,128.0,8.0,1024.0,8.0,32.0,3106.0,40.96,3146.96,1.175370648,622.1402965184001
2.0,4.0,8.0,8.0,8.0,16.0,90.0,1.6640000000000001,91.664,5.098926463802147,22.07914117104172
4.0,16.0,4.0,256.0,2.0,16.0,432.5,26.624000000000002,459.124,1.637405424,87.8099243392
4.0,4.0,8.0,512.0,8.0,128.0,610.0,1.28,611.28,1.1833547276332905,122.94668378210663
4.0,16.0,2.0,128.0,8.0,16.0,298.0,22.528,320.528,1.691519976,60.9532159808
128.0,128.0,2.0,512.0,8.0,16.0,2570.0,270.336,2840.3360000000002,1.387348568,515.1098788544
1.0,1.0,4.0,16.0,4.0,64.0,49.0,0.384,49.384,1.8959891422080217,11.316791313766418
16.0,16.0,2.0,128.0,8.0,512.0,394.0,1.088,395.088,1.30646001538708,79.84516801230967
32.0,32.0,8.0,512.0,2.0,128.0,1056.5,6.144,1062.644,1.1475093517049813,212.218007481364
4.0,4.0,4.0,128.0,8.0,16.0,210.0,6.144,216.144,1.7027332560000001,43.3621866048
4.0,16.0,2.0,128.0,2.0,16.0,296.5,28.672,325.172,1.709287816,60.6674302528
4.0,64.0,2.0,256.0,4.0,16.0,809.0,77.82400000000001,886.8240000000001,1.629933856,163.1039470848
128.0,128.0,8.0,256.0,4.0,32.0,2337.0,36.864000000000004,2373.864,1.325045048,468.46003603840006
4.0,16.0,8.0,64.0,4.0,16.0,257.0,7.168,264.168,1.743722896,52.794978316800005
1.0,1.0,4.0,1024.0,1.0,64.0,1056.25,0.256,1056.506,1.3008315433983368,212.29066523471866
1.0,8.0,1.0,16.0,4.0,64.0,93.0,0.128,93.128,1.7306128945387742,19.98449031563102
128.0,128.0,8.0,256.0,2.0,32.0,2336.5,40.96,2377.46,1.323586328,468.3588690624
4.0,4.0,2.0,256.0,4.0,16.0,329.0,16.384,345.384,1.651082384,67.1208659072
2.0,4.0,2.0,512.0,2.0,16.0,568.5,38.912,607.412,1.59793011080414,114.97834408864331
4.0,8.0,4.0,512.0,4.0,16.0,625.0,22.528,647.528,1.5604121119999999,126.2483296896
4.0,16.0,2.0,64.0,8.0,16.0,234.0,21.504,255.504,1.742736616,48.194189292800004
128.0,128.0,1.0,512.0,2.0,16.0,2564.5,32.768,2597.268,1.385959728,514.0087677824
32.0,4.0,8.0,512.0,8.0,128.0,834.0,2.176,836.176,1.1614522556770954,167.7291618045417
4.0,8.0,2.0,64.0,8.0,16.0,170.0,13.312000000000001,183.312,1.748951368,35.3991610944
128.0,128.0,8.0,512.0,2.0,16.0,2592.5,98.304,2690.804,1.380610544,519.6044884352
4.0,4.0,8.0,1024.0,4.0,16.0,1121.0,34.816,1155.816,1.468260568,225.3746084544
64.0,16.0,8.0,512.0,2.0,128.0,1184.5,6.656000000000001,1191.156,1.1516513356966973,237.82132106855735
4.0,8.0,8.0,256.0,8.0,16.0,386.0,7.168,393.168,1.637076832,78.5096614656
4.0,8.0,8.0,128.0,1.0,16.0,256.25,3.072,259.322,1.7336408319999999,52.6369126656
4.0,8.0,8.0,1024.0,8.0,16.0,1154.0,19.456,1173.456,1.460372992,231.9682983936
1.0,128.0,4.0,1024.0,1.0,64.0,2072.25,16.512,2088.762,1.2469352555061295,415.44754820440494
4.0,8.0,1.0,1024.0,8.0,16.0,1126.0,16.384,1142.384,1.473664968,226.37893197440002
4.0,16.0,2.0,1024.0,2.0,16.0,1192.5,86.016,1278.516,1.460448776,239.6683590208
4.0,64.0,4.0,128.0,8.0,16.0,690.0,36.864000000000004,726.864,1.679947232,139.3439577856
2.0,2.0,8.0,512.0,8.0,16.0,578.0,9.216000000000001,587.216,1.6128212227743575,116.8902569782195
4.0,16.0,8.0,64.0,2.0,16.0,256.5,9.216000000000001,265.716,1.756461136,52.705168908800005
2.0,4.0,2.0,512.0,8.0,128.0,570.0,1.792,571.792,1.196720935606558,114.95737674848525
32.0,32.0,8.0,512.0,8.0,128.0,1058.0,3.072,1061.072,1.1459323037081355,212.51674584296654
4.0,16.0,4.0,256.0,8.0,16.0,434.0,14.336,448.336,1.633851344,88.10708107520001
128.0,128.0,1.0,1024.0,2.0,16.0,3076.5,65.536,3142.036,1.291608528,616.3332868224
4.0,16.0,4.0,128.0,4.0,16.0,305.0,14.336,319.336,1.695549104,62.3564392832
128.0,128.0,2.0,512.0,1.0,32.0,2568.25,131.072,2699.322,1.25094164,514.650753312
4.0,8.0,1.0,512.0,2.0,16.0,612.5,32.768,645.268,1.5688625680000001,123.7550900544
4.0,4.0,4.0,128.0,4.0,16.0,209.0,8.192,217.192,1.709953256,43.1679626048
128.0,128.0,8.0,512.0,4.0,16.0,2593.0,81.92,2674.92,1.382301264,519.7058410112
4.0,32.0,8.0,512.0,8.0,16.0,834.0,17.408,851.408,1.5538310948923377,168.04306487591387
64.0,64.0,8.0,128.0,2.0,128.0,1184.5,5.12,1189.62,1.2953728714092543,237.93629829712742
128.0,128.0,1.0,256.0,4.0,64.0,2309.0,2.048,2311.048,1.256272608,462.8050180864
4.0,2.0,2.0,8.0,2.0,128.0,64.5,0.8320000000000001,65.332,2.199808581600383,14.659846865280308
128.0,128.0,2.0,1024.0,8.0,16.0,3082.0,278.528,3360.5280000000002,1.288763288,617.4310106304001
4.0,4.0,1.0,256.0,2.0,16.0,324.5,16.384,340.884,1.664003328,66.23120266240001
4.0,64.0,2.0,256.0,1.0,16.0,808.25,69.632,877.8820000000001,1.637035136,162.95962810880002
4.0,4.0,4.0,256.0,4.0,16.0,337.0,12.288,349.288,1.647313896,68.7178511168
4.0,64.0,4.0,128.0,1.0,16.0,688.25,34.816,723.066,1.694674432,139.0057395456
4.0,16.0,2.0,128.0,4.0,16.0,297.0,24.576,321.576,1.6988868560000001,60.75910948480001
